{"errors":[],"warnings":[],"namedChunkGroups":{"app":{"chunks":[13,4],"assets":["webpack-runtime-49e32c7a56b4a4cc9c9a.js","webpack-runtime-49e32c7a56b4a4cc9c9a.js.map","app-29b6617df201fec6a769.js","app-29b6617df201fec6a769.js.map"],"children":{},"childAssets":{}},"component---node-modules-gatsby-plugin-offline-app-shell-js":{"chunks":[5],"assets":["component---node-modules-gatsby-plugin-offline-app-shell-js-43984509067c707d022d.js","component---node-modules-gatsby-plugin-offline-app-shell-js-43984509067c707d022d.js.map"],"children":{},"childAssets":{}},"component---src-templates-post-jsx":{"chunks":[0,2,12,1,6],"assets":["0.c0ca5d2347affe2f1836.css","0-b22c4ab177a364dd6421.js","0.c0ca5d2347affe2f1836.css.map","0-b22c4ab177a364dd6421.js.map","2-f482d21c2dcd2943fc4b.js","2-f482d21c2dcd2943fc4b.js.map","12-19a77e4e86790d00a4f3.js","12-19a77e4e86790d00a4f3.js.map","1.59092e2cd087a430a4d8.css","1-17ef03303a8c2401b4fa.js","1.59092e2cd087a430a4d8.css.map","1-17ef03303a8c2401b4fa.js.map","component---src-templates-post-jsx.64af6f474e9d17a78afd.css","component---src-templates-post-jsx-effca2cdecf4a341b267.js","component---src-templates-post-jsx.64af6f474e9d17a78afd.css.map","component---src-templates-post-jsx-effca2cdecf4a341b267.js.map"],"children":{},"childAssets":{}},"component---src-templates-tag-jsx":{"chunks":[0,2,1,3,7],"assets":["0.c0ca5d2347affe2f1836.css","0-b22c4ab177a364dd6421.js","0.c0ca5d2347affe2f1836.css.map","0-b22c4ab177a364dd6421.js.map","2-f482d21c2dcd2943fc4b.js","2-f482d21c2dcd2943fc4b.js.map","1.59092e2cd087a430a4d8.css","1-17ef03303a8c2401b4fa.js","1.59092e2cd087a430a4d8.css.map","1-17ef03303a8c2401b4fa.js.map","3.4e9929d6555c4107b972.css","3-af4d104cf994f2c4f712.js","3.4e9929d6555c4107b972.css.map","3-af4d104cf994f2c4f712.js.map","component---src-templates-tag-jsx-2c53e8ccc5e9677f6a57.js","component---src-templates-tag-jsx-2c53e8ccc5e9677f6a57.js.map"],"children":{},"childAssets":{}},"component---src-templates-category-jsx":{"chunks":[0,2,1,3,8],"assets":["0.c0ca5d2347affe2f1836.css","0-b22c4ab177a364dd6421.js","0.c0ca5d2347affe2f1836.css.map","0-b22c4ab177a364dd6421.js.map","2-f482d21c2dcd2943fc4b.js","2-f482d21c2dcd2943fc4b.js.map","1.59092e2cd087a430a4d8.css","1-17ef03303a8c2401b4fa.js","1.59092e2cd087a430a4d8.css.map","1-17ef03303a8c2401b4fa.js.map","3.4e9929d6555c4107b972.css","3-af4d104cf994f2c4f712.js","3.4e9929d6555c4107b972.css.map","3-af4d104cf994f2c4f712.js.map","component---src-templates-category-jsx-c14446e0e7ddcd24e25d.js","component---src-templates-category-jsx-c14446e0e7ddcd24e25d.js.map"],"children":{},"childAssets":{}},"component---src-pages-about-jsx":{"chunks":[0,1,9],"assets":["0.c0ca5d2347affe2f1836.css","0-b22c4ab177a364dd6421.js","0.c0ca5d2347affe2f1836.css.map","0-b22c4ab177a364dd6421.js.map","1.59092e2cd087a430a4d8.css","1-17ef03303a8c2401b4fa.js","1.59092e2cd087a430a4d8.css.map","1-17ef03303a8c2401b4fa.js.map","component---src-pages-about-jsx.82083abd9736b7cd5fd9.css","component---src-pages-about-jsx-573b1a3bb72199f28ed5.js","component---src-pages-about-jsx.82083abd9736b7cd5fd9.css.map","component---src-pages-about-jsx-573b1a3bb72199f28ed5.js.map"],"children":{},"childAssets":{}},"component---src-pages-index-jsx":{"chunks":[0,1,10],"assets":["0.c0ca5d2347affe2f1836.css","0-b22c4ab177a364dd6421.js","0.c0ca5d2347affe2f1836.css.map","0-b22c4ab177a364dd6421.js.map","1.59092e2cd087a430a4d8.css","1-17ef03303a8c2401b4fa.js","1.59092e2cd087a430a4d8.css.map","1-17ef03303a8c2401b4fa.js.map","component---src-pages-index-jsx.d71badf308d0ae084f6f.css","component---src-pages-index-jsx-28ca22bba9802028bc5a.js","component---src-pages-index-jsx.d71badf308d0ae084f6f.css.map","component---src-pages-index-jsx-28ca22bba9802028bc5a.js.map"],"children":{},"childAssets":{}}},"assetsByChunkName":{"app":["webpack-runtime-49e32c7a56b4a4cc9c9a.js","app-29b6617df201fec6a769.js"],"component---node-modules-gatsby-plugin-offline-app-shell-js":["component---node-modules-gatsby-plugin-offline-app-shell-js-43984509067c707d022d.js"],"component---src-templates-post-jsx":["0.c0ca5d2347affe2f1836.css","0-b22c4ab177a364dd6421.js","2-f482d21c2dcd2943fc4b.js","12-19a77e4e86790d00a4f3.js","1.59092e2cd087a430a4d8.css","1-17ef03303a8c2401b4fa.js","component---src-templates-post-jsx.64af6f474e9d17a78afd.css","component---src-templates-post-jsx-effca2cdecf4a341b267.js"],"component---src-templates-tag-jsx":["0.c0ca5d2347affe2f1836.css","0-b22c4ab177a364dd6421.js","2-f482d21c2dcd2943fc4b.js","1.59092e2cd087a430a4d8.css","1-17ef03303a8c2401b4fa.js","3.4e9929d6555c4107b972.css","3-af4d104cf994f2c4f712.js","component---src-templates-tag-jsx-2c53e8ccc5e9677f6a57.js"],"component---src-templates-category-jsx":["0.c0ca5d2347affe2f1836.css","0-b22c4ab177a364dd6421.js","2-f482d21c2dcd2943fc4b.js","1.59092e2cd087a430a4d8.css","1-17ef03303a8c2401b4fa.js","3.4e9929d6555c4107b972.css","3-af4d104cf994f2c4f712.js","component---src-templates-category-jsx-c14446e0e7ddcd24e25d.js"],"component---src-pages-about-jsx":["0.c0ca5d2347affe2f1836.css","0-b22c4ab177a364dd6421.js","1.59092e2cd087a430a4d8.css","1-17ef03303a8c2401b4fa.js","component---src-pages-about-jsx.82083abd9736b7cd5fd9.css","component---src-pages-about-jsx-573b1a3bb72199f28ed5.js"],"component---src-pages-index-jsx":["0.c0ca5d2347affe2f1836.css","0-b22c4ab177a364dd6421.js","1.59092e2cd087a430a4d8.css","1-17ef03303a8c2401b4fa.js","component---src-pages-index-jsx.d71badf308d0ae084f6f.css","component---src-pages-index-jsx-28ca22bba9802028bc5a.js"]}}